date,0
2015-01-01,1.5238121711054629
2015-01-02,3.7491102163123755
2015-01-03,4.441015690754325
2015-01-04,6.362613089672437
2015-01-05,2.431164023798371
2015-01-06,0.9079667119609103
2015-01-07,-0.9268788964251999
2015-01-08,-2.766349352687573
2015-01-09,0.5478496431770523
2015-01-10,-0.828438434223349
2015-01-11,3.086760994060391
2015-01-12,4.500992231635322
2015-01-13,1.195253631629385
2015-01-14,0.6407004834805939
2015-01-15,3.240227920454212
2015-01-16,4.572803394345568
2015-01-17,4.3679934848188795
2015-01-18,7.108801569041317
2015-01-19,7.179802700358594
2015-01-20,6.3484153465700786
2015-01-21,4.992817386144407
2015-01-22,4.834313204882744
2015-01-23,4.4202412047291775
2015-01-24,6.024263269602896
2015-01-25,6.756400171608764
2015-01-26,3.978246841929237
2015-01-27,4.0601954796558175
2015-01-28,4.373021305809452
2015-01-29,5.850733681624575
2015-01-30,4.361396230393187
2015-01-31,2.4849986139129627
2015-02-01,4.949186078368529
2015-02-02,2.081680844268563
2015-02-03,1.5176189570342784
2015-02-04,4.941963673615743
2015-02-05,2.3202251661109896
2015-02-06,2.584369582975489
2015-02-07,6.908711898048665
2015-02-08,8.775302841033875
2015-02-09,5.96162391940108
2015-02-10,5.514992798989441
2015-02-11,5.643094356155258
2015-02-12,4.492943595415789
2015-02-13,1.5044666565098537
2015-02-14,4.084602269312248
2015-02-15,0.11592420143067536
2015-02-16,-1.1486120244759965
2015-02-17,0.22444530066967766
2015-02-18,0.8591802241227583
2015-02-19,-1.1264397936045305
2015-02-20,-0.7190755026383947
2015-02-21,3.571523494135421
2015-02-22,4.580962551605138
2015-02-23,-0.8596143531680548
2015-02-24,-1.1546693658618077
2015-02-25,2.556910194502778
2015-02-26,1.0158185109413824
2015-02-27,-0.08668817318253011
2015-02-28,0.48186691017854744
2015-03-01,2.6208510200369823
2015-03-02,4.036769748886952
2015-03-03,4.771687201673683
2015-03-04,6.552352830023233
2015-03-05,1.6968040207440203
2015-03-06,1.3025092407936523
2015-03-07,6.034338743274772
2015-03-08,6.876247711558854
2015-03-09,10.011544100536437
2015-03-10,9.916677983794669
2015-03-11,12.213718737810103
2015-03-12,11.47429812409414
2015-03-13,10.999374026831378
2015-03-14,13.131601476795982
2015-03-15,12.699259566142144
2015-03-16,13.40307532247562
2015-03-17,12.913273255121666
2015-03-18,8.997603356681903
2015-03-19,9.145877380308095
2015-03-20,9.072927553820314
2015-03-21,10.298866757539239
2015-03-22,9.287320119910008
2015-03-23,7.621665901576801
2015-03-24,8.847231001137763
2015-03-25,11.098553130659168
2015-03-26,12.820000842231758
2015-03-27,10.122037663063677
2015-03-28,8.194914449530465
2015-03-29,9.32626185336345
2015-03-30,12.73589342542936
2015-03-31,12.578363335271575
2015-04-01,12.652450143143543
2015-04-02,14.778173767930637
2015-04-03,15.738617500667772
2015-04-04,12.683686226226447
2015-04-05,12.564464587012413
2015-04-06,13.083726159177695
2015-04-07,13.46257020929623
2015-04-08,12.092823532924921
2015-04-09,12.65984279722772
2015-04-10,12.804595020007815
2015-04-11,14.307437617069635
2015-04-12,15.113330061207359
2015-04-13,16.813377232179146
2015-04-14,15.878173818904058
2015-04-15,15.777980384273679
2015-04-16,15.372722598125515
2015-04-17,17.60845316409981
2015-04-18,18.315738306615557
2015-04-19,15.753944775113796
2015-04-20,14.523281147402127
2015-04-21,15.052897375946046
2015-04-22,14.19576895443027
2015-04-23,12.08433852404432
2015-04-24,11.749466867425408
2015-04-25,12.736289828015083
2015-04-26,13.78038519320256
2015-04-27,14.57893298074614
2015-04-28,15.719043126672066
2015-04-29,16.947139025165978
2015-04-30,15.841810242947835
2015-05-01,15.954515787517648
2015-05-02,17.203803133907233
2015-05-03,18.61030054507586
2015-05-04,19.428911866997982
2015-05-05,19.251518499264197
2015-05-06,18.75564328211734
2015-05-07,19.216250994526582
2015-05-08,19.152638125392976
2015-05-09,17.772630774295784
2015-05-10,19.812294141059596
2015-05-11,20.592196855300422
2015-05-12,19.789723694506176
2015-05-13,16.492358160578966
2015-05-14,16.8197333024222
2015-05-15,18.099796624145313
2015-05-16,19.60886019239684
2015-05-17,21.301087349811198
2015-05-18,19.386148376579197
2015-05-19,18.109427549270656
2015-05-20,16.696167213135144
2015-05-21,15.787975000217761
2015-05-22,17.248598582489148
2015-05-23,17.507735861477226
2015-05-24,19.790058421057193
2015-05-25,21.46223860596312
2015-05-26,21.95040989507638
2015-05-27,22.018862283063736
2015-05-28,22.72756290741952
2015-05-29,22.480147891305478
2015-05-30,22.003467389260283
2015-05-31,20.878486460411878
2015-06-01,17.774244999011625
2015-06-02,17.339731399619396
2015-06-03,18.68196712109133
2015-06-04,19.279887012195275
2015-06-05,19.79879048241277
2015-06-06,21.207819395631258
2015-06-07,21.852027821822677
2015-06-08,23.455235395528884
2015-06-09,24.290653877149786
2015-06-10,24.16492650959137
2015-06-11,24.912103340882346
2015-06-12,24.39317780950785
2015-06-13,24.52479004348
2015-06-14,24.563837124296402
2015-06-15,23.505787425966197
2015-06-16,23.455884348528723
2015-06-17,23.281603713141838
2015-06-18,23.118482306279393
2015-06-19,24.010747671554352
2015-06-20,23.17848884646305
2015-06-21,25.560451972758443
2015-06-22,25.958024767359127
2015-06-23,26.56531542861155
2015-06-24,25.02560365957443
2015-06-25,24.953154194681133
2015-06-26,23.988780415506877
2015-06-27,22.44921875584199
2015-06-28,22.82287654296702
2015-06-29,23.960422931955563
2015-06-30,24.787808200166207
2015-07-01,24.273156670787856
2015-07-02,23.90677067095982
2015-07-03,23.753280922472065
2015-07-04,23.813088346111197
2015-07-05,24.643150822768057
2015-07-06,24.769360928000683
2015-07-07,25.15390327176075
2015-07-08,24.584707107239712
2015-07-09,23.591683527139043
2015-07-10,24.34559767804783
2015-07-11,25.030390957711365
2015-07-12,26.04249008256648
2015-07-13,25.919047435657838
2015-07-14,25.20805597677946
2015-07-15,24.420470053833565
2015-07-16,23.728250966754036
2015-07-17,25.117712160659572
2015-07-18,25.993803984782183
2015-07-19,28.1064867239575
2015-07-20,28.179678278472448
2015-07-21,26.683894382609182
2015-07-22,25.120821990800135
2015-07-23,25.19103227302934
2015-07-24,25.749458841114645
2015-07-25,26.077903077251047
2015-07-26,26.213890540744757
2015-07-27,26.425316306971055
2015-07-28,27.530986614576797
2015-07-29,27.937914254139606
2015-07-30,27.045897039164267
2015-07-31,27.096878456805175
2015-08-01,26.8303485930142
2015-08-02,26.752024789321993
2015-08-03,26.86972584066604
2015-08-04,26.61686887713317
2015-08-05,26.267752489471487
2015-08-06,25.028198875281213
2015-08-07,24.747377510883453
2015-08-08,24.64727387754484
2015-08-09,25.030875632657132
2015-08-10,25.02368232889495
2015-08-11,24.950856875122376
2015-08-12,25.354373434909785
2015-08-13,25.61462267157558
2015-08-14,26.361155222669233
2015-08-15,26.96007340972823
2015-08-16,27.275296621936132
2015-08-17,27.186385061617564
2015-08-18,26.267012313376295
2015-08-19,25.444773971361105
2015-08-20,24.431050903153412
2015-08-21,24.411144622662817
2015-08-22,24.448188518957092
2015-08-23,24.545587128907506
2015-08-24,24.859043128741966
2015-08-25,24.551550137202142
2015-08-26,23.935206772409067
2015-08-27,23.795622910026022
2015-08-28,24.354518212793607
2015-08-29,25.023471665836063
2015-08-30,25.29009060389343
2015-08-31,25.920335369399297
2015-09-01,25.784752398213733
2015-09-02,25.798514172691203
2015-09-03,25.79918551242408
2015-09-04,24.677526685205123
2015-09-05,23.76972785837568
2015-09-06,24.856417496852465
2015-09-07,26.345504015050132
2015-09-08,27.153270594313714
2015-09-09,26.349543242660523
2015-09-10,24.1838540774584
2015-09-11,23.298663583699696
2015-09-12,22.425728459479096
2015-09-13,21.347699524429324
2015-09-14,20.821663145717817
2015-09-15,22.4580449212124
2015-09-16,23.118803597796656
2015-09-17,23.590651500937433
2015-09-18,23.428523818981578
2015-09-19,23.101483731303038
2015-09-20,22.801599789999308
2015-09-21,21.052311491737356
2015-09-22,21.040783838267707
2015-09-23,21.45508856425628
2015-09-24,22.481275431067584
2015-09-25,21.965604778223028
2015-09-26,21.367056628840096
2015-09-27,20.802678337047052
2015-09-28,22.37821659020233
2015-09-29,22.687449014462242
2015-09-30,21.431038302568908
2015-10-01,18.127838613025517
2015-10-02,15.924956091316169
2015-10-03,15.11879988662162
2015-10-04,16.371454873696088
2015-10-05,17.080696825722175
2015-10-06,18.57966311832452
2015-10-07,19.59576874826225
2015-10-08,20.12915182076861
2015-10-09,20.91292928627998
2015-10-10,18.57596658869864
2015-10-11,19.4355185696791
2015-10-12,20.818095821155637
2015-10-13,20.41049142822776
2015-10-14,18.76311029959059
2015-10-15,17.76352281437869
2015-10-16,16.587582684347908
2015-10-17,13.957735431607414
2015-10-18,12.269096896811398
2015-10-19,13.514024247059016
2015-10-20,16.958614562412563
2015-10-21,18.353075842552688
2015-10-22,18.47626614724287
2015-10-23,16.500454799747605
2015-10-24,15.796180859873866
2015-10-25,16.2859117418076
2015-10-26,14.565151155895617
2015-10-27,14.43963365761447
2015-10-28,16.69560917589262
2015-10-29,16.82967273007397
2015-10-30,14.556630673412183
2015-10-31,13.807218112087162
2015-11-01,15.439941919987579
2015-11-02,15.9003518255608
2015-11-03,15.701013804052028
2015-11-04,15.540307098150702
2015-11-05,16.96742700151055
2015-11-06,17.263157376483274
2015-11-07,14.23773911162508
2015-11-08,11.801930718064508
2015-11-09,11.727778558073831
2015-11-10,12.634524036791086
2015-11-11,13.106955198356763
2015-11-12,12.668718341254724
2015-11-13,11.97059818671661
2015-11-14,10.31862860951422
2015-11-15,11.426718468162486
2015-11-16,12.874394915530548
2015-11-17,11.5070181929736
2015-11-18,12.772039566709585
2015-11-19,13.607015541778006
2015-11-20,11.679013216742277
2015-11-21,9.43889997151284
2015-11-22,8.21485999978132
2015-11-23,6.6380027388117275
2015-11-24,7.7826657969981055
2015-11-25,9.321476621935846
2015-11-26,11.379445606397125
2015-11-27,11.355143061926256
2015-11-28,9.055709331685877
2015-11-29,6.552305900095876
2015-11-30,6.759878348319379
2015-12-01,8.778480945136623
2015-12-02,9.263222335149214
2015-12-03,8.647185374751349
2015-12-04,8.071524816988608
2015-12-05,7.930137999092371
2015-12-06,9.068447348716072
2015-12-07,9.818952446938008
2015-12-08,10.015438188651594
2015-12-09,10.935395027550497
2015-12-10,12.743159596067704
2015-12-11,12.803141629557992
2015-12-12,14.027572694049743
2015-12-13,12.869092753738807
2015-12-14,11.608407052716856
2015-12-15,10.913692845309003
2015-12-16,8.828255661249345
2015-12-17,8.195118716905087
2015-12-18,6.757849407740082
2015-12-19,4.823378175261078
2015-12-20,6.7388920930409215
2015-12-21,10.440583180242541
2015-12-22,12.2383407693216
2015-12-23,13.199617186329816
2015-12-24,13.760508775067523
2015-12-25,11.96343931152109
2015-12-26,10.706937209692468
2015-12-27,9.544653217336597
2015-12-28,5.242300186303145
2015-12-29,5.69813539332439
2015-12-30,5.858805667077716
2015-12-31,5.856768364230833
2016-01-01,4.147245001266388
2016-01-02,4.147110223618866
2016-01-03,5.201407776353267
2016-01-04,2.6877294698650744
2016-01-05,0.797548488974231
2016-01-06,3.724150620056399
2016-01-07,6.187416700799318
2016-01-08,6.747506855570376
2016-01-09,6.9993990388707354
2016-01-10,5.888684282104519
2016-01-11,1.5227491661769958
2016-01-12,2.745175036220297
2016-01-13,1.45783658368706
2016-01-14,5.233971429551202
2016-01-15,7.557171819973914
2016-01-16,6.54327360646528
2016-01-17,2.649401648888494
2016-01-18,0.12049004183040958
2016-01-19,0.793844794785143
2016-01-20,3.3154523735834402
2016-01-21,3.840211274131782
2016-01-22,2.467259991983285
2016-01-23,2.455973690063789
2016-01-24,3.2630906933342447
2016-01-25,6.013823147289107
2016-01-26,7.04700785992158
2016-01-27,6.41220697613962
2016-01-28,6.1456332520073085
2016-01-29,6.606469038379758
2016-01-30,7.634247481844663
2016-01-31,9.834263052927975
2016-02-01,9.373292816222147
2016-02-02,7.966090296669815
2016-02-03,8.416189014673558
2016-02-04,7.523171138954159
2016-02-05,5.1040449225727365
2016-02-06,5.768352883903373
2016-02-07,7.561725901561907
2016-02-08,6.501884529879641
2016-02-09,4.894139550737889
2016-02-10,5.0433055751681
2016-02-11,3.842674995598044
2016-02-12,3.3037240250881448
2016-02-13,0.7097039701810488
2016-02-14,0.6043333085215247
2016-02-15,5.016770977859246
2016-02-16,10.367893064455089
2016-02-17,7.751748461729618
2016-02-18,6.786750080223833
2016-02-19,8.777661437404756
2016-02-20,12.76112141703465
2016-02-21,11.556106218041466
2016-02-22,9.604261057071831
2016-02-23,8.29953149434653
2016-02-24,9.75590165092757
2016-02-25,9.610566032890267
2016-02-26,6.534755046267381
2016-02-27,8.062067481318484
2016-02-28,12.25946810456525
2016-02-29,12.09428938342178
2016-03-01,10.462424393678853
2016-03-02,8.223492377912176
2016-03-03,7.176935189568744
2016-03-04,7.25117503677316
2016-03-05,8.17131775660113
2016-03-06,9.051841221644276
2016-03-07,11.672287428121995
2016-03-08,14.182460703451854
2016-03-09,15.455616506777819
2016-03-10,17.11349058786614
2016-03-11,13.68590820992255
2016-03-12,12.43850465247449
2016-03-13,13.888617099582794
2016-03-14,12.525164545835239
2016-03-15,13.558884637723045
2016-03-16,14.65414568356409
2016-03-17,13.750017633327015
2016-03-18,12.541756679531266
2016-03-19,9.378237960995962
2016-03-20,7.806163805840807
2016-03-21,8.912926213414869
2016-03-22,11.470448497974509
2016-03-23,14.086734493582451
2016-03-24,11.975387747449723
2016-03-25,12.684488801450472
2016-03-26,10.964166626118171
2016-03-27,12.133126386487996
2016-03-28,11.709471954109695
2016-03-29,11.221330675212785
2016-03-30,12.110427425598251
2016-03-31,16.06175888932835
2016-04-01,15.478619858027448
2016-04-02,12.221867255882472
2016-04-03,10.622989211897288
2016-04-04,10.844161243651032
2016-04-05,9.366854705771267
2016-04-06,11.933113492091566
2016-04-07,13.955342734231785
2016-04-08,11.189813449619265
2016-04-09,9.078571479317986
2016-04-10,10.33762757043366
2016-04-11,14.034283294510894
2016-04-12,13.130213909689422
2016-04-13,12.180298946958622
2016-04-14,13.433580947310983
2016-04-15,14.316818702308456
2016-04-16,15.724443617831884
2016-04-17,17.204000617593888
2016-04-18,19.18234313113144
2016-04-19,18.562637532733877
2016-04-20,17.49662349289098
2016-04-21,18.024512307749593
2016-04-22,18.802050729210812
2016-04-23,16.89922691702608
2016-04-24,15.647483721006882
2016-04-25,17.179761620433347
2016-04-26,15.355131159341074
2016-04-27,14.300384169049872
2016-04-28,14.04656989066443
2016-04-29,13.985838785535655
2016-04-30,14.340388871225489
2016-05-01,14.506962887184262
2016-05-02,15.105492449690074
2016-05-03,15.544430193766567
2016-05-04,14.677168010170279
2016-05-05,14.943083330568925
2016-05-06,15.376917778922506
2016-05-07,15.702034377226067
2016-05-08,16.384240515428015
2016-05-09,17.364517478688988
2016-05-10,17.27837751563402
2016-05-11,18.88937342788907
2016-05-12,19.7220824080281
2016-05-13,18.782617760263772
2016-05-14,17.298886483032142
2016-05-15,14.505954332537934
2016-05-16,15.736962026428229
2016-05-17,16.941275906488475
2016-05-18,16.650759043142997
2016-05-19,17.22897874362142
2016-05-20,18.275857210336635
2016-05-21,17.50384525499091
2016-05-22,18.00582466142519
2016-05-23,19.128782006069386
2016-05-24,20.24623396879105
2016-05-25,22.387254551172568
2016-05-26,22.919394229979137
2016-05-27,22.335702951125374
2016-05-28,23.724528594449623
2016-05-29,23.00263108880405
2016-05-30,22.522019662237973
2016-05-31,23.444627591670017
2016-06-01,23.10130365065981
2016-06-02,21.83464284898161
2016-06-03,22.314676911440596
2016-06-04,23.185734409433916
2016-06-05,22.502981354344296
2016-06-06,24.021582125911998
2016-06-07,23.184874811673822
2016-06-08,20.36868102703711
2016-06-09,20.768643276944132
2016-06-10,22.573119764842843
2016-06-11,24.61425586643707
2016-06-12,23.82887599483737
2016-06-13,21.371220510053316
2016-06-14,22.322236376470624
2016-06-15,23.80807104815087
2016-06-16,23.113749253597142
2016-06-17,23.546156967802194
2016-06-18,24.543770755665754
2016-06-19,25.80515028656757
2016-06-20,26.61476084083622
2016-06-21,26.39186916239545
2016-06-22,25.270076381014714
2016-06-23,24.289092886656285
2016-06-24,24.284176163453942
2016-06-25,24.8697422429162
2016-06-26,25.78089727237146
2016-06-27,25.81676843378493
2016-06-28,24.219251176547854
2016-06-29,24.4878405363166
2016-06-30,24.497736665438257
2016-07-01,24.173205828452822
2016-07-02,23.732982326050877
2016-07-03,24.0599555593809
2016-07-04,24.29292466318616
2016-07-05,25.57915365766357
2016-07-06,26.85972735078011
2016-07-07,26.46468475639915
2016-07-08,25.694146544491787
2016-07-09,24.032413515895048
2016-07-10,24.5613259686434
2016-07-11,24.967343989753683
2016-07-12,25.675252676875516
2016-07-13,26.21543611856742
2016-07-14,26.76588951511787
2016-07-15,26.842048936757998
2016-07-16,25.93067376645696
2016-07-17,26.423449387247395
2016-07-18,26.843973692763623
2016-07-19,26.26318693352842
2016-07-20,26.2466554600339
2016-07-21,27.624471910869644
2016-07-22,28.688227146864108
2016-07-23,29.08581047782464
2016-07-24,28.218294321101908
2016-07-25,27.92409648956338
2016-07-26,27.765013271460077
2016-07-27,27.825841497198226
2016-07-28,27.238797843915414
2016-07-29,26.269064044121674
2016-07-30,25.797276112935148
2016-07-31,25.717254285423042
2016-08-01,25.207229802159986
2016-08-02,25.144657581218464
2016-08-03,25.434112674843554
2016-08-04,25.52186471943891
2016-08-05,25.677256579741577
2016-08-06,26.245942872782432
2016-08-07,26.229152213941685
2016-08-08,26.091791519366442
2016-08-09,26.27556718945565
2016-08-10,27.114438407099968
2016-08-11,28.165690681816532
2016-08-12,27.938007988881765
2016-08-13,28.25688446048409
2016-08-14,27.730754824886038
2016-08-15,26.664511707931865
2016-08-16,26.59003654260061
2016-08-17,26.06210163075438
2016-08-18,25.688436890126415
2016-08-19,25.710963694984986
2016-08-20,24.873594300663676
2016-08-21,24.46620888220644
2016-08-22,23.235353795200858
2016-08-23,23.909809578648577
2016-08-24,25.100161459115338
2016-08-25,25.315442615366962
2016-08-26,25.987732706146932
2016-08-27,25.2798819204367
2016-08-28,25.329624959486086
2016-08-29,26.160512339363972
2016-08-30,25.592047181196612
2016-08-31,25.724065346722433
2016-09-01,24.014160726691554
2016-09-02,23.249458908566545
2016-09-03,22.501593470960806
2016-09-04,22.508443597898086
2016-09-05,23.527530263291595
2016-09-06,24.896068426703227
2016-09-07,25.182595061906564
2016-09-08,25.549167849318827
2016-09-09,26.077750441507273
2016-09-10,24.86149384736007
2016-09-11,23.65974924542246
2016-09-12,21.955358590695873
2016-09-13,22.697010974088506
2016-09-14,23.512743178445092
2016-09-15,21.785640721705125
2016-09-16,21.97048085997043
2016-09-17,22.667421898542596
2016-09-18,24.318651822737163
2016-09-19,24.119883707271825
2016-09-20,24.44441362190033
2016-09-21,23.990905266651193
2016-09-22,23.24288471216599
2016-09-23,23.194162459543257
2016-09-24,21.126030815553392
2016-09-25,21.273628591990416
2016-09-26,21.188500363212306
2016-09-27,21.398321204365992
2016-09-28,20.129212853835647
2016-09-29,19.428005070083607
2016-09-30,18.647272752129822
2016-10-01,18.448238865543345
2016-10-02,18.229810310119138
2016-10-03,19.108289290430744
2016-10-04,19.22556609793348
2016-10-05,19.08905256618713
2016-10-06,19.571854713562065
2016-10-07,19.774755398708628
2016-10-08,18.83085699910749
2016-10-09,17.236728351808818
2016-10-10,16.471067116453987
2016-10-11,16.618350511771688
2016-10-12,17.319477795310075
2016-10-13,16.880993164549572
2016-10-14,16.091562395290758
2016-10-15,17.67130869007222
2016-10-16,19.533363124275887
2016-10-17,21.49666513658603
2016-10-18,21.42026443425645
2016-10-19,21.589443488800388
2016-10-20,19.3068509533309
2016-10-21,17.9450697951385
2016-10-22,14.306321831654644
2016-10-23,15.849448091068389
2016-10-24,16.008485574278755
2016-10-25,14.055341636452933
2016-10-26,13.478246863808389
2016-10-27,14.536388638169143
2016-10-28,15.062072889015921
2016-10-29,17.260084764817524
2016-10-30,18.02350464935988
2016-10-31,14.425672189755453
2016-11-01,15.728415266406168
2016-11-02,17.792153119874683
2016-11-03,18.222312506447796
2016-11-04,15.79451582249673
2016-11-05,14.774922384556566
2016-11-06,15.522287421020682
2016-11-07,13.743616446911854
2016-11-08,15.539813181234093
2016-11-09,15.231649366864904
2016-11-10,13.925187526750435
2016-11-11,13.981668073479671
2016-11-12,11.601464033969595
2016-11-13,12.753424607804748
2016-11-14,13.869522664779346
2016-11-15,13.237982836442297
2016-11-16,13.462666023855594
2016-11-17,13.876516708755577
2016-11-18,13.805893357575291
2016-11-19,10.51073100915444
2016-11-20,7.3832974933239
2016-11-21,7.611322635427911
2016-11-22,8.325670385402393
2016-11-23,9.005779834596787
2016-11-24,9.879010605477294
2016-11-25,10.573687483023978
2016-11-26,9.266835038659076
2016-11-27,8.723530349093693
2016-11-28,10.300473054514786
2016-11-29,12.898627018289625
2016-11-30,11.050799559958945
2016-12-01,9.266322004688993
2016-12-02,8.312899968963114
2016-12-03,7.4616773654300355
2016-12-04,7.109850138640149
2016-12-05,7.301511534327853
2016-12-06,7.127065590615128
2016-12-07,5.793959759465052
2016-12-08,4.578965641600471
2016-12-09,3.2549836276263813
2016-12-10,3.4760222002091616
2016-12-11,5.69603165747993
2016-12-12,7.194143241540897
2016-12-13,6.100719672307107
2016-12-14,4.615040501155321
2016-12-15,0.7827614365729454
2016-12-16,1.3573724596696293
2016-12-17,4.259535062440148
2016-12-18,2.9558278136120415
2016-12-19,-0.20114685037062371
2016-12-20,2.9473210506813325
2016-12-21,6.140990814098874
2016-12-22,7.41482876178427
2016-12-23,7.619902623465214
2016-12-24,8.314143279804105
2016-12-25,8.021480927580644
2016-12-26,8.819060912330448
2016-12-27,10.218306191633351
2016-12-28,8.010877474488902
2016-12-29,7.70709813363354
2016-12-30,5.7213221568850035
2016-12-31,6.314809588244114
2017-01-01,7.340054771779996
2017-01-02,7.359515517221836
2017-01-03,7.4481191890321785
2017-01-04,4.864603346792024
2017-01-05,1.3336844838652193
2017-01-06,-0.9052821284416575
2017-01-07,-1.8796696383417426
2017-01-08,-0.35320970576548333
2017-01-09,1.9704680090394475
2017-01-10,6.497440447675893
2017-01-11,10.065504154014313
2017-01-12,11.346217400244583
2017-01-13,7.149453019212841
2017-01-14,4.662453682180206
2017-01-15,5.5397977964546445
2017-01-16,7.037196053018677
2017-01-17,7.701077211817219
2017-01-18,7.891170344735068
2017-01-19,8.628229934409852
2017-01-20,8.704100610980706
2017-01-21,10.469684787595428
2017-01-22,9.367149163273812
2017-01-23,7.432875077940819
2017-01-24,6.692063641488769
2017-01-25,7.968220751340158
2017-01-26,7.097647160748672
2017-01-27,5.097777034026046
2017-01-28,4.952688662169651
2017-01-29,6.01395850148769
2017-01-30,5.7408480130883
2017-01-31,6.475610670213964
2017-02-01,8.046513476573091
2017-02-02,5.938653028051447
2017-02-03,3.5135260726820507
2017-02-04,3.984296688717951
2017-02-05,7.496325414734822
2017-02-06,9.612283799048852
2017-02-07,10.699650838719101
2017-02-08,10.823362564529988
2017-02-09,4.799993851103827
2017-02-10,5.789750017726547
2017-02-11,10.20141196819661
2017-02-12,9.239613951828835
2017-02-13,8.03310909653008
2017-02-14,7.400529206356287
2017-02-15,7.5784358185392735
2017-02-16,6.602145085019842
2017-02-17,8.370349389589046
2017-02-18,12.074262883912116
2017-02-19,13.742748275311792
2017-02-20,12.059421063435513
2017-02-21,11.437478945732288
2017-02-22,12.522573624303142
2017-02-23,12.301388275395192
2017-02-24,12.735131640770135
2017-02-25,9.29442648976141
2017-02-26,6.991699956936465
2017-02-27,9.784133609790809
2017-02-28,12.50290228496924
2017-03-01,13.892775574939016
2017-03-02,9.148683695779559
2017-03-03,6.531033293990427
2017-03-04,5.272694823444177
2017-03-05,6.328232000281131
2017-03-06,9.734013419176318
2017-03-07,12.103208572438058
2017-03-08,13.387086087046132
2017-03-09,14.015867722955669
2017-03-10,8.82493459668293
2017-03-11,5.2036649078713735
2017-03-12,7.484492936681402
2017-03-13,5.932394567982314
2017-03-14,6.00297162091814
2017-03-15,4.998265779462327
2017-03-16,7.519870969431334
2017-03-17,10.100242822088713
2017-03-18,10.603498809599742
2017-03-19,11.04811285554123
2017-03-20,12.718515714744772
2017-03-21,13.710171330710905
2017-03-22,9.208268515560471
2017-03-23,8.759954154043099
2017-03-24,12.975859149853374
2017-03-25,13.646144178813676
2017-03-26,11.986547264076359
2017-03-27,12.919078367265914
2017-03-28,12.805012209616724
2017-03-29,13.809348524152842
2017-03-30,12.199722409214019
2017-03-31,10.882464361934945
2017-04-01,11.521353629129145
2017-04-02,13.866842942511308
2017-04-03,14.412314471941773
2017-04-04,14.560497488114853
2017-04-05,14.08773753326682
2017-04-06,12.19293015042385
2017-04-07,12.210752314717352
2017-04-08,12.935845597932667
2017-04-09,15.37996307834203
2017-04-10,17.509264451147335
2017-04-11,17.321771750984805
2017-04-12,16.949865324223307
2017-04-13,15.702217270880993
2017-04-14,15.83192313834989
2017-04-15,17.612410468290022
2017-04-16,20.69328738926824
2017-04-17,18.44546100692265
2017-04-18,16.62322281818551
2017-04-19,15.747050744489501
2017-04-20,17.237963337616414
2017-04-21,15.870723758605829
2017-04-22,15.052504874479668
2017-04-23,14.771330616944688
2017-04-24,14.937056696052073
2017-04-25,16.29493947979647
2017-04-26,17.345949776881746
2017-04-27,17.28951159537734
2017-04-28,19.65596499632356
2017-04-29,20.472826468074853
2017-04-30,16.88818636361321
2017-05-01,17.05602853831486
2017-05-02,19.033814995323294
2017-05-03,17.789645246000003
2017-05-04,16.002152865414644
2017-05-05,16.091996889674594
2017-05-06,16.224894243118424
2017-05-07,14.057145954102285
2017-05-08,14.592459239604935
2017-05-09,15.586882391508349
2017-05-10,16.894601306034534
2017-05-11,17.00240516618676
2017-05-12,16.385213480726605
2017-05-13,15.960852041140107
2017-05-14,17.248089822546774
2017-05-15,18.2117894173664
2017-05-16,20.45642415275806
2017-05-17,23.059594727905232
2017-05-18,24.39002428221051
2017-05-19,22.993022739140702
2017-05-20,19.79525572242418
2017-05-21,19.58089334449174
2017-05-22,18.600395289012788
2017-05-23,19.288891816621394
2017-05-24,18.214736918198255
2017-05-25,17.682899967826383
2017-05-26,19.89983831327486
2017-05-27,20.795725681430202
2017-05-28,20.679589542065543
2017-05-29,19.133430517542404
2017-05-30,18.958972209845534
2017-05-31,20.45292793513693
2017-06-01,21.61977640609526
2017-06-02,21.72531880406498
2017-06-03,21.877539443040007
2017-06-04,21.79939585414457
2017-06-05,20.43965940890732
2017-06-06,19.55066073581615
2017-06-07,20.005832703036575
2017-06-08,19.994548634430224
2017-06-09,21.75327721583459
2017-06-10,23.97960056450381
2017-06-11,25.416135339462834
2017-06-12,26.01349020302119
2017-06-13,26.229791781750507
2017-06-14,24.580817126348762
2017-06-15,23.85130689075814
2017-06-16,23.5124696851018
2017-06-17,24.125696681836388
2017-06-18,25.723278965068225
2017-06-19,25.197110496724328
2017-06-20,25.379368398243656
2017-06-21,25.430665880588215
2017-06-22,25.500196043621045
2017-06-23,25.88209880699032
2017-06-24,24.934172114046596
2017-06-25,24.339558615449636
2017-06-26,23.432221226495244
2017-06-27,22.80378508595205
2017-06-28,22.908428221549528
2017-06-29,24.46352102545938
2017-06-30,25.668645661224037
2017-07-01,24.862609529508386
2017-07-02,26.109979347446032
2017-07-03,26.034173436160295
2017-07-04,25.53518706571699
2017-07-05,25.63836095524859
2017-07-06,25.642782453782832
2017-07-07,25.760127742502277
2017-07-08,26.418981785916767
2017-07-09,25.77215501644412
2017-07-10,25.960948140500623
2017-07-11,26.53505064762217
2017-07-12,27.03491309599401
2017-07-13,26.88134182550227
2017-07-14,24.077267694476507
2017-07-15,25.095886155513387
2017-07-16,25.577365311700667
2017-07-17,25.713771983293153
2017-07-18,26.343504667511553
2017-07-19,27.56863921756601
2017-07-20,27.872395577975034
2017-07-21,27.81708261389306
2017-07-22,27.427592929754535
2017-07-23,25.712846418430964
2017-07-24,23.646915528087593
2017-07-25,23.405384370328402
2017-07-26,24.498801225691572
2017-07-27,25.177749948118148
2017-07-28,25.35902794977358
2017-07-29,24.14049120471928
2017-07-30,24.447018189718666
2017-07-31,25.37741254351832
2017-08-01,26.661946871325913
2017-08-02,25.83432658711626
2017-08-03,25.741021217461547
2017-08-04,24.90177019602774
2017-08-05,24.2353406876016
2017-08-06,23.72551401047407
2017-08-07,22.91263096161018
2017-08-08,23.782428720024235
2017-08-09,24.74237609100368
2017-08-10,25.020928559477
2017-08-11,24.74663011877688
2017-08-12,23.865819429610575
2017-08-13,24.561250682241955
2017-08-14,24.32777829645724
2017-08-15,24.100621298256698
2017-08-16,25.504413718305244
2017-08-17,25.129573274221112
2017-08-18,25.37779772258303
2017-08-19,26.06758874068415
2017-08-20,25.647031529241207
2017-08-21,26.246648986428887
2017-08-22,26.36335742823593
2017-08-23,24.456784006728885
2017-08-24,23.161183608513575
2017-08-25,22.711864611124106
2017-08-26,23.02809226374833
2017-08-27,23.080530650020208
2017-08-28,22.952673573545052
2017-08-29,22.41572881559048
2017-08-30,23.476638666792446
2017-08-31,24.41190279488465
2017-09-01,22.29800211466292
2017-09-02,21.974167718293536
2017-09-03,23.343957503617254
2017-09-04,24.407895874732844
2017-09-05,24.035789301988494
2017-09-06,20.94554873364084
2017-09-07,20.463932377588957
2017-09-08,20.353452389789176
2017-09-09,19.907696383013597
2017-09-10,20.721865681078835
2017-09-11,21.603854831848842
2017-09-12,22.239862773729982
2017-09-13,22.40665689307472
2017-09-14,23.120002350217415
2017-09-15,23.371246098423672
2017-09-16,22.640358030528255
2017-09-17,22.80083672126198
2017-09-18,22.03155121563149
2017-09-19,22.563612854415172
2017-09-20,23.596170279521267
2017-09-21,23.63294174811476
2017-09-22,22.98035284672171
2017-09-23,23.360824822662035
2017-09-24,23.942260331521947
2017-09-25,23.782650371155107
2017-09-26,23.554957136444024
2017-09-27,23.384130159884
2017-09-28,21.795910077445313
2017-09-29,19.571319435729475
2017-09-30,18.25432418690131
2017-10-01,18.109910696325315
2017-10-02,19.194052610076316
2017-10-03,19.50598280630022
2017-10-04,20.244802134185594
2017-10-05,21.4117549438122
2017-10-06,21.683254623409898
2017-10-07,22.344095027817154
2017-10-08,22.072855472144052
2017-10-09,21.99602981943189
2017-10-10,20.89460737680866
2017-10-11,18.875538286592512
2017-10-12,17.417502293683455
2017-10-13,17.84409045770413
2017-10-14,19.55835048023348
2017-10-15,19.854809336251908
2017-10-16,16.578287224492026
2017-10-17,15.316086463468794
2017-10-18,17.256001608508484
2017-10-19,18.077189914598144
2017-10-20,18.523445018043173
2017-10-21,18.92005670921161
2017-10-22,18.69966765607508
2017-10-23,19.030025311572068
2017-10-24,18.878073571188903
2017-10-25,16.579556690018624
2017-10-26,15.304542739524575
2017-10-27,14.15409910544675
2017-10-28,13.588212387478935
2017-10-29,14.012947701647159
2017-10-30,12.72207612323777
2017-10-31,11.812718325052893
2017-11-01,13.055660508869273
2017-11-02,17.018422756240703
2017-11-03,16.234070376948196
2017-11-04,13.966765520542765
2017-11-05,13.679188324970701
2017-11-06,14.575151386205627
2017-11-07,10.736735399942612
2017-11-08,9.692181197182876
2017-11-09,10.517531657347597
2017-11-10,7.208740425802177
2017-11-11,6.80917873515415
2017-11-12,9.430590480707549
2017-11-13,10.171976980941944
2017-11-14,10.462274104321326
2017-11-15,11.133640660865078
2017-11-16,12.354467854279104
2017-11-17,11.173425936983056
2017-11-18,11.276525504216798
2017-11-19,9.754940162534606
2017-11-20,8.92333487874348
2017-11-21,11.721752340793625
2017-11-22,10.896840385582056
2017-11-23,8.894390110379751
2017-11-24,10.863503810581657
2017-11-25,12.191266232679174
2017-11-26,10.567359376576139
2017-11-27,10.523698116575229
2017-11-28,11.14952428140054
2017-11-29,11.678003730413264
2017-11-30,10.295483032429312
2017-12-01,10.307897039003349
2017-12-02,9.716830455201839
2017-12-03,10.326033555114378
2017-12-04,11.27674122936795
2017-12-05,10.41017231651769
2017-12-06,7.262262506699531
2017-12-07,5.653435593222267
2017-12-08,4.14269512598225
2017-12-09,4.232336711887871
2017-12-10,5.438035319507353
2017-12-11,7.058326692703343
2017-12-12,6.404306063652219
2017-12-13,3.403550422235589
2017-12-14,3.479333553112025
2017-12-15,3.1072595735736557
2017-12-16,5.358454947425873
2017-12-17,6.0510176940222085
2017-12-18,8.324664684693818
2017-12-19,10.714169719677699
2017-12-20,8.238423284252123
2017-12-21,6.0960853807246655
2017-12-22,7.091055478241376
2017-12-23,6.072645246426768
2017-12-24,4.285059002234245
2017-12-25,1.9702594490808125
2017-12-26,-0.08602651112477136
2017-12-27,-1.3462494379988883
2017-12-28,-1.6781751729762076
2017-12-29,0.14606883821048564
2017-12-30,-0.10370289911006189
2017-12-31,-2.972583608087013
2018-01-01,-4.544726839161104
2018-01-02,-2.7890924592965938
2018-01-03,-0.008248876549954176
2018-01-04,0.20719613608334672
2018-01-05,-1.5861850596176883
2018-01-06,-2.006972795504679
2018-01-07,0.45224750516959195
2018-01-08,4.599026447891218
2018-01-09,6.085929568145642
2018-01-10,7.174559636439479
2018-01-11,9.491578097529604
2018-01-12,7.903677990704498
2018-01-13,3.1134986178086907
2018-01-14,0.0751691937534556
2018-01-15,1.3897599533938378
2018-01-16,1.1184209924005164
2018-01-17,0.9949286235437631
2018-01-18,1.9311403557628848
2018-01-19,5.246976595415326
2018-01-20,8.469500941699115
2018-01-21,9.242856583141135
2018-01-22,8.775745740123758
2018-01-23,8.406335992065896
2018-01-24,6.028452654697706
2018-01-25,4.356144909881097
2018-01-26,6.314627807834092
2018-01-27,9.840627805881686
2018-01-28,10.199184779239143
2018-01-29,7.330618019168318
2018-01-30,4.638413281127122
2018-01-31,5.204960283164526
2018-02-01,7.35241622500267
2018-02-02,3.131308154530189
2018-02-03,3.996173917848056
2018-02-04,6.5484410631539145
2018-02-05,3.805202702157851
2018-02-06,4.69536555406055
2018-02-07,4.62240918084302
2018-02-08,4.1101602039575456
2018-02-09,5.964628320328858
2018-02-10,7.2413884268648765
2018-02-11,7.101155543530144
2018-02-12,5.3228998106838095
2018-02-13,4.396353902292751
2018-02-14,9.3297682686513
2018-02-15,12.805883362659484
2018-02-16,10.435787620383838
2018-02-17,6.319196026690345
2018-02-18,7.473824739147778
2018-02-19,9.51709819740965
2018-02-20,12.411690580535083
2018-02-21,11.178122687228226
2018-02-22,7.479152136579269
2018-02-23,7.3189836307646265
2018-02-24,9.594350646619512
2018-02-25,8.36548802819864
2018-02-26,9.07451146948363
2018-02-27,9.715211948556979
2018-02-28,11.358821639751149
2018-03-01,10.947719327832425
2018-03-02,7.50155053085935
2018-03-03,8.03744640895111
2018-03-04,8.010516493253622
2018-03-05,7.807030394822428
2018-03-06,8.104930245522576
2018-03-07,6.185832925148628
2018-03-08,6.696476676610061
2018-03-09,7.518254217401952
2018-03-10,8.425509166983224
2018-03-11,7.355569982200884
2018-03-12,7.78670267614504
2018-03-13,7.266212607053748
2018-03-14,6.9717655877260905
2018-03-15,8.316672263438575
2018-03-16,7.863357244806825
2018-03-17,8.424822267688233
2018-03-18,8.446259610753069
2018-03-19,9.40920308317107
2018-03-20,7.179411548532554
2018-03-21,7.244878518150252
2018-03-22,9.153393337851542
2018-03-23,9.605927464942361
2018-03-24,9.778112005256668
2018-03-25,8.223747036690982
2018-03-26,9.567177986557134
2018-03-27,10.577818770367728
2018-03-28,11.844423047263573
2018-03-29,12.884939979935737
2018-03-30,12.571855994033038
2018-03-31,11.674871501232747
2018-04-01,11.661917072523941
2018-04-02,9.414258921901505
2018-04-03,11.02992801202158
2018-04-04,10.330669150495671
2018-04-05,9.413261436222344
2018-04-06,11.764651768518144
2018-04-07,8.950599311077465
2018-04-08,7.824453182909395
2018-04-09,9.76001631051717
2018-04-10,11.440174984570048
2018-04-11,12.226979094901704
2018-04-12,14.868824000586413
2018-04-13,17.47455398605618
2018-04-14,14.892736146039637
2018-04-15,9.917127136550226
2018-04-16,10.185951206079148
2018-04-17,10.162243758434512
2018-04-18,11.487711991463359
2018-04-19,10.630234568834979
2018-04-20,10.78840707345499
2018-04-21,13.2873378481869
2018-04-22,14.831241524303351
2018-04-23,15.047138074926922
2018-04-24,15.64926070121714
2018-04-25,15.321424669930632
2018-04-26,16.08536587802081
2018-04-27,14.825690638025307
2018-04-28,15.201041579989736
2018-04-29,13.853866697254835
2018-04-30,14.352463549678246
2018-05-01,18.134417077633678
2018-05-02,21.526666161053356
2018-05-03,21.846455475347092
2018-05-04,22.18067052516797
2018-05-05,20.463612932653067
2018-05-06,18.792070321787072
2018-05-07,19.460844383083412
2018-05-08,19.821274658155136
2018-05-09,20.290904951323785
2018-05-10,19.473963518396776
2018-05-11,19.209395615201153
2018-05-12,17.701300667769214
2018-05-13,17.49327474518606
2018-05-14,19.530120902310045
2018-05-15,21.351927906923432
2018-05-16,19.604115581175552
2018-05-17,19.845398982815986
2018-05-18,19.13559790227173
2018-05-19,17.954699027210637
2018-05-20,20.205527991683965
2018-05-21,19.865910440859896
2018-05-22,19.416470531107663
2018-05-23,21.27848176909626
2018-05-24,22.339712416576855
2018-05-25,23.70101685709898
2018-05-26,24.170203256038807
2018-05-27,21.725565715644358
2018-05-28,21.356470490213407
2018-05-29,23.72115621651009
2018-05-30,22.178734333821776
2018-05-31,22.21603230709989
2018-06-01,22.594018855858796
2018-06-02,23.863103678102583
2018-06-03,21.09565679196696
2018-06-04,20.504143162510218
2018-06-05,21.32129502000889
2018-06-06,20.687150170171865
2018-06-07,21.491019950673653
2018-06-08,23.218310715219285
2018-06-09,23.56097502399508
2018-06-10,22.06835257171367
2018-06-11,21.468488709692135
2018-06-12,22.680618952260694
2018-06-13,24.09463752659018
2018-06-14,24.920408225884383
2018-06-15,23.5487830159487
2018-06-16,24.33962780699679
2018-06-17,25.30636078568382
2018-06-18,25.932553690880965
2018-06-19,25.069451647486456
2018-06-20,24.028594844048108
2018-06-21,23.83376482641303
2018-06-22,22.971200161122898
2018-06-23,22.60174217022128
2018-06-24,24.44281595901859
2018-06-25,24.039598266673167
2018-06-26,23.614203480798466
2018-06-27,24.087859411601816
2018-06-28,25.471830052246638
2018-06-29,26.798399641409823
2018-06-30,27.598004482305306
2018-07-01,27.88115794205601
2018-07-02,27.145164818687505
2018-07-03,26.99901490280494
2018-07-04,26.956250181343712
2018-07-05,27.595194167812163
2018-07-06,27.245945446099018
2018-07-07,24.974551268623298
2018-07-08,25.558530684850563
2018-07-09,26.284707554133494
2018-07-10,27.17833967605418
2018-07-11,26.71956072197844
2018-07-12,25.845090505964166
2018-07-13,26.375266651448737
2018-07-14,26.991761542402248
2018-07-15,26.562945133614402
2018-07-16,27.635253072857346
2018-07-17,26.423058501787654
2018-07-18,25.818388605620697
2018-07-19,25.746325003349142
2018-07-20,25.724714240341942
2018-07-21,24.46304088450618
2018-07-22,25.59374841714586
2018-07-23,26.704510652953097
2018-07-24,27.250772490663117
2018-07-25,26.75588468967493
2018-07-26,26.816166886488865
2018-07-27,26.285989036118316
2018-07-28,25.95511424408142
2018-07-29,25.823475492498652
2018-07-30,25.252999637629017
2018-07-31,25.028705407672252
2018-08-01,26.205671608789274
2018-08-02,26.527227873184437
2018-08-03,26.267185700083793
2018-08-04,26.91182440928747
2018-08-05,27.89558983747339
2018-08-06,28.09766362398446
2018-08-07,27.419982940195197
2018-08-08,27.323163579657713
2018-08-09,27.09898261270366
2018-08-10,26.679513248396546
2018-08-11,25.26825123775103
2018-08-12,25.267992704027318
2018-08-13,24.770953553255037
2018-08-14,25.297844844109278
2018-08-15,26.52548870736784
2018-08-16,27.15597773961094
2018-08-17,26.87740369029943
2018-08-18,25.984836036513705
2018-08-19,24.64138064465401
2018-08-20,24.330403616066704
2018-08-21,24.5102360695039
2018-08-22,24.844228020959655
2018-08-23,23.68172464205091
2018-08-24,23.767312921558155
2018-08-25,24.249619962103306
2018-08-26,25.607174655640875
2018-08-27,26.96575392542409
2018-08-28,27.566507243038558
2018-08-29,27.318622251064472
2018-08-30,26.093299085358538
2018-08-31,24.597565691333433
2018-09-01,24.313291737945722
2018-09-02,25.07426417256603
2018-09-03,25.879551218928693
2018-09-04,26.821731864001364
2018-09-05,26.371157744019055
2018-09-06,25.558744530079064
2018-09-07,23.87535681905244
2018-09-08,22.24411266564873
2018-09-09,20.089580475275884
2018-09-10,20.459232373075245
2018-09-11,21.89307668239042
2018-09-12,23.084230220921267
2018-09-13,23.273545389239978
2018-09-14,23.73543316204784
2018-09-15,24.028088631942566
2018-09-16,24.567376034376387
2018-09-17,24.510988206858823
2018-09-18,24.213440644455495
2018-09-19,23.419350193230738
2018-09-20,22.75871691504492
2018-09-21,22.998115604935165
2018-09-22,21.20038746870843
2018-09-23,19.64899161683144
2018-09-24,20.13634142187389
2018-09-25,21.639365479709852
2018-09-26,22.10665445666633
2018-09-27,19.827129840243426
2018-09-28,18.705926667736545
2018-09-29,19.47098328153532
2018-09-30,19.56908112270794
2018-10-01,21.30688064327771
2018-10-02,21.766266501536098
2018-10-03,22.20780010560502
2018-10-04,21.157318391403404
2018-10-05,19.608994952139856
2018-10-06,20.163941270031774
2018-10-07,20.968198067018463
2018-10-08,20.515210643094125
2018-10-09,21.5492139724234
2018-10-10,21.069072726911298
2018-10-11,18.636169052121463
2018-10-12,15.390281415193492
2018-10-13,13.868359257371392
2018-10-14,14.50065421155732
2018-10-15,15.290578327591906
2018-10-16,13.231725352694644
2018-10-17,13.752564638178061
2018-10-18,12.693675258303637
2018-10-19,14.678133251263949
2018-10-20,15.627964866454615
2018-10-21,11.948343732353791
2018-10-22,12.290489145545806
2018-10-23,13.83059317857525
2018-10-24,12.620649630860187
2018-10-25,11.926328317232416
2018-10-26,12.235525482530878
2018-10-27,13.164609668709478
2018-10-28,13.78821138060944
2018-10-29,13.781698566678374
2018-10-30,13.865462375126455
2018-10-31,14.866665708867608
2018-11-01,15.508471444668194
2018-11-02,15.76845298947722
2018-11-03,13.854988831135861
2018-11-04,14.537008514187377
2018-11-05,13.748518557710579
2018-11-06,14.586700126830548
2018-11-07,13.643637222508112
2018-11-08,11.154244622106045
2018-11-09,9.226584476821024
2018-11-10,6.947014690870057
2018-11-11,6.850777114509331
2018-11-12,7.254822790996364
2018-11-13,6.699162136156584
2018-11-14,5.257074671907288
2018-11-15,5.1987607148541874
2018-11-16,7.733423538534945
2018-11-17,8.482794386855378
2018-11-18,7.612148440701542
2018-11-19,7.852791672904435
2018-11-20,7.834171248157972
2018-11-21,6.89580119545068
2018-11-22,4.450779091443415
2018-11-23,5.85689703012464
2018-11-24,8.944329661161673
2018-11-25,10.44538692870285
2018-11-26,8.201933332239488
2018-11-27,6.466457243243995
2018-11-28,6.449653755920981
2018-11-29,8.062657822539604
2018-11-30,8.983959348823694
2018-12-01,9.004017801358295
2018-12-02,10.281582523071396
2018-12-03,9.057192219753047
2018-12-04,5.312617502020327
2018-12-05,3.806793765275632
2018-12-06,4.759834104429602
2018-12-07,4.821438336385283
2018-12-08,3.289797792755673
2018-12-09,3.55871223805845
2018-12-10,4.147626018680081
2018-12-11,4.793983355067017
2018-12-12,6.455413547726209
2018-12-13,7.286623638578812
2018-12-14,8.437136638034632
2018-12-15,9.040242033186853
2018-12-16,7.7070568104610535
2018-12-17,7.874234116503568
2018-12-18,5.9913521105979575
2018-12-19,6.804954013718522
2018-12-20,8.171484675191909
2018-12-21,10.30267900690293
2018-12-22,7.7072787566589325
2018-12-23,6.8289803668003985
2018-12-24,6.254093336938017
2018-12-25,6.457602122077686
2018-12-26,6.802238143405832
2018-12-27,7.647915774242507
2018-12-28,8.698193257885455
2018-12-29,6.377813088821254
2018-12-30,4.7087765290877215
2018-12-31,6.743219513381542
2019-01-01,7.084379847373501
2019-01-02,4.183363484162817
2019-01-03,5.6201893705485695
2019-01-04,6.586055004040997
2019-01-05,7.800808953380946
2019-01-06,7.856812392069431
2019-01-07,6.640870118333787
2019-01-08,8.91540931370569
2019-01-09,6.479808105206982
2019-01-10,3.674516569296022
2019-01-11,3.009145400095567
2019-01-12,3.794587240957581
2019-01-13,3.178651034950107
2019-01-14,2.613221044886362
2019-01-15,3.446809610731229
2019-01-16,5.483421406526086
2019-01-17,5.349982100258805
2019-01-18,6.260734052085153
2019-01-19,5.42067451231671
2019-01-20,1.9767945761701635
2019-01-21,-2.0575799953402183
2019-01-22,2.2801643199542023
2019-01-23,5.207895241575704
2019-01-24,6.399446761745442
2019-01-25,2.4734956274674964
2019-01-26,2.531821108256895
2019-01-27,4.866096420961917
2019-01-28,3.8708797145001093
2019-01-29,2.355134514317969
2019-01-30,-1.7022549225335954
2019-01-31,-2.909683327071674
2019-02-01,0.977654407556361
2019-02-02,4.434485799224579
2019-02-03,8.602042052527691
2019-02-04,9.956732749313378
2019-02-05,9.378771040541338
2019-02-06,7.6864178329869235
2019-02-07,6.831798595897448
2019-02-08,3.3835381238386084
2019-02-09,0.7890679622093664
2019-02-10,2.469249945323595
2019-02-11,4.69111899750619
2019-02-12,4.817766645466904
2019-02-13,5.029737124953239
2019-02-14,7.936458127537004
2019-02-15,8.179046198072239
2019-02-16,4.820452959846789
2019-02-17,3.44231022332709
2019-02-18,3.1753232807948097
2019-02-19,1.7715472929440963
2019-02-20,3.10054070652296
2019-02-21,5.52797995463508
2019-02-22,5.817132376331177
2019-02-23,6.602434665056309
2019-02-24,6.837136534034176
2019-02-25,4.642679770504333
2019-02-26,4.214048257427212
2019-02-27,4.4183626094690736
2019-02-28,4.2726892934732135
2019-03-01,4.725504493717853
2019-03-02,5.891166567535532
2019-03-03,4.362850160761938
2019-03-04,1.5029995423744895
2019-03-05,0.9618884365768237
2019-03-06,1.3696980003670944
2019-03-07,3.5642225068265505
2019-03-08,5.869361232781356
2019-03-09,7.964116959103357
2019-03-10,7.450533086839246
2019-03-11,9.633542308950263
2019-03-12,8.211772947244702
2019-03-13,9.537237681884305
2019-03-14,12.110595110123887
2019-03-15,12.23355061199037
2019-03-16,9.606057967093616
2019-03-17,8.397113569028082
2019-03-18,8.816324382093832
2019-03-19,9.454056749864927
2019-03-20,10.047875139249541
2019-03-21,9.514517798930045
2019-03-22,9.582698512122125
2019-03-23,9.40152100141507
2019-03-24,11.94460733614814
2019-03-25,11.798231769370153
2019-03-26,9.427672800002766
2019-03-27,9.811728144911891
2019-03-28,11.587745836888425
2019-03-29,13.39289753420388
2019-03-30,13.436968568828993
2019-03-31,10.600942668246558
2019-04-01,8.812822575781677
2019-04-02,10.227510277658958
2019-04-03,12.792670069247968
2019-04-04,12.985586918778019
2019-04-05,11.358293278137108
2019-04-06,14.248104326771763
2019-04-07,16.01143930785904
2019-04-08,18.037585122951217
2019-04-09,15.471208886739532
2019-04-10,13.7992718533309
2019-04-11,12.694494247484048
2019-04-12,14.000066568071883
2019-04-13,15.784146554085678
2019-04-14,14.182540350871502
2019-04-15,12.916340906350591
2019-04-16,14.115152963029304
2019-04-17,15.387217962515034
2019-04-18,16.419860269547033
2019-04-19,16.15012599420982
2019-04-20,15.40905810054905
2019-04-21,15.640525618118756
2019-04-22,16.380088845762256
2019-04-23,17.865209068057403
2019-04-24,17.80084454218067
2019-04-25,16.718654301408883
2019-04-26,16.045021915830464
2019-04-27,14.52536849623287
2019-04-28,14.089796477100723
2019-04-29,14.261798475000067
2019-04-30,14.802607186952217
2019-05-01,15.621551806265776
2019-05-02,16.10098254476562
2019-05-03,15.449310261895196
2019-05-04,16.68117667551866
2019-05-05,16.096012858663258
2019-05-06,16.8427081526452
2019-05-07,16.53714037782018
2019-05-08,17.164400169415295
2019-05-09,16.965848574195885
2019-05-10,17.28343304022968
2019-05-11,16.92588348964051
2019-05-12,14.265599365479323
2019-05-13,14.294882335480253
2019-05-14,15.174503115375364
2019-05-15,17.59952054619909
2019-05-16,19.084385678604903
2019-05-17,19.293277283250017
2019-05-18,18.9965480319578
2019-05-19,19.39970969014057
2019-05-20,20.365869354364587
2019-05-21,17.617462377756823
2019-05-22,19.215199046337624
2019-05-23,19.881324394271978
2019-05-24,20.6602774965102
2019-05-25,20.410599980985456
2019-05-26,21.428818281348033
2019-05-27,21.1060294477247
2019-05-28,20.427077010186828
2019-05-29,20.080734920244108
2019-05-30,20.216106733777615
2019-05-31,22.132003080256233
2019-06-01,21.705781585733448
2019-06-02,21.51028109647131
2019-06-03,20.081162384652373
2019-06-04,20.75442434601842
2019-06-05,22.79956161732305
2019-06-06,23.115217192037253
2019-06-07,22.13618483824735
2019-06-08,22.37619744249736
2019-06-09,22.27623559621975
2019-06-10,22.121191680405033
2019-06-11,23.01167275302975
2019-06-12,22.067964559628276
2019-06-13,19.97782457231564
2019-06-14,20.88092685563785
2019-06-15,22.477124463553473
2019-06-16,22.35759508135505
2019-06-17,22.400654893093854
2019-06-18,22.596635798305133
2019-06-19,22.54175589344218
2019-06-20,22.337723438871866
2019-06-21,22.42283713185734
2019-06-22,22.785166733792213
2019-06-23,23.609146317107694
2019-06-24,23.584417702040653
2019-06-25,23.981883024655563
2019-06-26,24.895648808889028
2019-06-27,25.28725602111462
2019-06-28,25.619218495861393
2019-06-29,25.797924049236457
2019-06-30,25.291429654761384
2019-07-01,25.29467815630878
2019-07-02,25.912320326941575
2019-07-03,25.69935215151043
2019-07-04,25.854283895872246
2019-07-05,25.73287076925656
2019-07-06,25.848901839428052
2019-07-07,24.916931975521006
2019-07-08,23.886191440831553
2019-07-09,25.601529446800534
2019-07-10,26.675315299263477
2019-07-11,25.899567916512506
2019-07-12,26.159644550533987
2019-07-13,26.51337078551977
2019-07-14,27.0176355402336
2019-07-15,26.452103736455545
2019-07-16,27.052614095854857
2019-07-17,27.40389858794583
2019-07-18,25.76374350483729
2019-07-19,27.302217193577107
2019-07-20,28.598264769096783
2019-07-21,28.187848809121096
2019-07-22,25.877064315003317
2019-07-23,23.771744388895915
2019-07-24,24.620337126058256
2019-07-25,25.33941496574302
2019-07-26,26.06090036450957
2019-07-27,26.558350374216282
2019-07-28,27.30204634745884
2019-07-29,27.024156703156066
2019-07-30,26.702896549810514
2019-07-31,25.14579902578531
2019-08-01,25.530654364053657
2019-08-02,25.783055485038595
2019-08-03,26.186230471419687
2019-08-04,26.16071452798688
2019-08-05,25.920648438630707
2019-08-06,25.566818442531982
2019-08-07,25.524200242198656
2019-08-08,25.2271478624738
2019-08-09,25.39261247295313
2019-08-10,24.805337550801628
2019-08-11,24.595621099261013
2019-08-12,25.937278767690835
2019-08-13,25.921346922823304
2019-08-14,25.453651449054732
2019-08-15,25.17278217882998
2019-08-16,25.016471869997993
2019-08-17,25.653781631687536
2019-08-18,25.97867451926063
2019-08-19,26.376856178477887
2019-08-20,26.48974061018181
2019-08-21,26.351728037793258
2019-08-22,26.11072901570658
2019-08-23,23.532879275663344
2019-08-24,23.097185550084216
2019-08-25,23.230292992957413
2019-08-26,23.145240717175113
2019-08-27,23.770384064495687
2019-08-28,23.96662918935372
2019-08-29,24.502650450849277
2019-08-30,25.119525940660512
2019-08-31,24.563589431016258
2019-09-01,23.974836774807354
2019-09-02,24.841244631142605
2019-09-03,25.2851531646533
2019-09-04,25.568927172969314
2019-09-05,23.921619288703564
2019-09-06,22.746135116649803
2019-09-07,22.890860695458123
2019-09-08,22.562176851598068
2019-09-09,22.92228795663503
2019-09-10,23.762103454930966
2019-09-11,25.062538868331508
2019-09-12,24.39109323188403
2019-09-13,22.89428443351419
2019-09-14,23.525207056554482
2019-09-15,24.31282112426176
2019-09-16,23.69056076196802
2019-09-17,22.472196455011993
2019-09-18,21.296544167523447
2019-09-19,20.445387978427206
2019-09-20,21.924566109222276
2019-09-21,23.197393806918104
2019-09-22,23.911032200798267
2019-09-23,24.02193469955061
2019-09-24,22.60525056763393
2019-09-25,22.342122536577794
2019-09-26,22.009988218183185
2019-09-27,20.977902250434454
2019-09-28,21.688709780308972
2019-09-29,21.614947578424804
2019-09-30,20.613490628778287
2019-10-01,22.01918480491278
2019-10-02,22.70537206826854
2019-10-03,18.907775454543255
2019-10-04,17.985892978858356
2019-10-05,16.637860571436295
2019-10-06,19.50959414715987
2019-10-07,20.047339197672997
2019-10-08,17.569422515943096
2019-10-09,16.81488457398807
2019-10-10,17.876493945968804
2019-10-11,16.283088803928194
2019-10-12,14.774983237454682
2019-10-13,15.155979387290342
2019-10-14,16.481958520528522
2019-10-15,16.59865935357928
2019-10-16,16.018343631247678
2019-10-17,14.232885351184123
2019-10-18,13.904420108936279
2019-10-19,14.47079740982448
2019-10-20,15.775784579604805
2019-10-21,16.99260994348191
2019-10-22,16.250388081524356
2019-10-23,16.167045247208783
2019-10-24,15.714203662600394
2019-10-25,14.727626883266518
2019-10-26,14.85652547310803
2019-10-27,15.080582872318528
2019-10-28,13.540141402273665
2019-10-29,12.370868896993292
2019-10-30,12.547148222557274
2019-10-31,12.711055228870176
2019-11-01,9.570448532453035
2019-11-02,9.469503706817108
2019-11-03,11.401678559708726
2019-11-04,11.752552252225176
2019-11-05,12.755422794322934
2019-11-06,11.745384762088
2019-11-07,10.59177356407697
2019-11-08,6.831661735104452
2019-11-09,7.735093179808471
2019-11-10,10.688090320437803
2019-11-11,10.652514606407832
2019-11-12,5.244658349564171
2019-11-13,2.9879239479260407
2019-11-14,6.124429008863531
2019-11-15,8.028486851883
2019-11-16,7.207423861657797
2019-11-17,8.297337614275104
2019-11-18,9.697347799994247
2019-11-19,10.288037681861825
2019-11-20,9.872470320687222
2019-11-21,10.584744581935084
2019-11-22,9.46979667266485
2019-11-23,7.363808901946346
2019-11-24,8.59277050913973
2019-11-25,9.826530529040426
2019-11-26,10.915966216737424
2019-11-27,10.208155714809314
2019-11-28,7.750111265661826
2019-11-29,6.127686057360919
2019-11-30,7.219055508111855
2019-12-01,6.200340865432658
2019-12-02,5.413292261493568
2019-12-03,5.783682019946997
2019-12-04,7.161319168524209
2019-12-05,8.094414297611447
2019-12-06,8.606898490413064
2019-12-07,6.743376334976591
2019-12-08,7.7013185284114245
2019-12-09,10.751221474749645
2019-12-10,8.454099924578614
2019-12-11,4.048850008639632
2019-12-12,5.002527817657858
2019-12-13,7.554737065854312
2019-12-14,9.102123066289092
2019-12-15,7.41764780889374
2019-12-16,5.102212399306434
2019-12-17,3.658816779253717
2019-12-18,2.587827392909273
2019-12-19,1.0972223604160316
2019-12-20,3.865896111653027
2019-12-21,5.138914327579575
2019-12-22,6.8054609727890325
2019-12-23,8.16158601320342
2019-12-24,7.728599697606485
2019-12-25,7.304447709222313
2019-12-26,8.011442155461811
2019-12-27,9.318589373079577
2019-12-28,9.16021840901976
2019-12-29,8.627776415360954
2019-12-30,6.9556324600901425
2019-12-31,6.33889598077201
2020-01-01,6.418573970746617
2020-01-02,8.169432681443874
2020-01-03,9.588630698652315
2020-01-04,8.396710592837064
2020-01-05,6.390745353882582
2020-01-06,7.207226934000143
2020-01-07,7.052248137162407
2020-01-08,4.8873849700869
2020-01-09,5.5747762324422965
2020-01-10,9.586642776021229
2020-01-11,10.457403640042884
2020-01-12,9.48572778582205
2020-01-13,6.985329690896643
2020-01-14,8.238300196724136
2020-01-15,9.132419672719344
2020-01-16,7.1087955053542435
2020-01-17,3.033478412657517
2020-01-18,4.207875588049774
2020-01-19,4.263679988664155
2020-01-20,2.1018935739048072
2020-01-21,2.232446172670529
2020-01-22,3.9462217292133075
2020-01-23,6.486084078006457
2020-01-24,7.836380998880914
2020-01-25,7.97614250009656
2020-01-26,7.846474880412753
2020-01-27,7.445702437928265
2020-01-28,7.1806410992654905
2020-01-29,6.044578271083375
2020-01-30,4.953069223038599
2020-01-31,6.973540442848133
2020-02-01,7.836509381650715
2020-02-02,8.807736415921402
2020-02-03,9.5727272744781
2020-02-04,8.907423361569524
2020-02-05,5.5907886699784495
2020-02-06,5.163517173697396
2020-02-07,6.234698955263589
2020-02-08,5.402104784833868
2020-02-09,6.673199228210971
2020-02-10,8.769256532964736
2020-02-11,7.95237813546517
2020-02-12,6.977925034740442
2020-02-13,5.3250534554305355
2020-02-14,2.0367712560418787
2020-02-15,2.6617640140744863
2020-02-16,7.203716425385342
2020-02-17,8.996704422649426
2020-02-18,8.971339797857878
2020-02-19,7.05080116101302
2020-02-20,4.022062701358005
2020-02-21,3.8370304207132597
2020-02-22,6.961993123002924
2020-02-23,9.106105569590397
2020-02-24,10.060352960575884
2020-02-25,10.025886906710657
2020-02-26,8.31261698771558
2020-02-27,6.893609320193948
2020-02-28,6.724667413151383
2020-02-29,5.763163109744071
2020-03-01,7.791146918340475
2020-03-02,11.334818531684183
2020-03-03,12.97700157859008
2020-03-04,11.701649943993836
2020-03-05,10.497301096589403
2020-03-06,8.696560747498648
2020-03-07,8.27442260314832
2020-03-08,11.388182982458565
2020-03-09,14.21055172051937
2020-03-10,14.248641186728554
2020-03-11,12.533868605432884
2020-03-12,11.98755634135238
2020-03-13,12.655250946993645
2020-03-14,10.392713533716567
2020-03-15,9.594154534556283
2020-03-16,8.370158725150837
2020-03-17,10.46658642685424
2020-03-18,11.062620146207834
2020-03-19,12.143541924757178
2020-03-20,13.883400740396434
2020-03-21,9.57668411814702
2020-03-22,8.040443480337121
2020-03-23,9.260353579316996
2020-03-24,10.931931984061086
2020-03-25,10.841527863573102
2020-03-26,11.53915854843777
2020-03-27,14.061873077665425
2020-03-28,12.99633556593597
2020-03-29,12.461765150891955
2020-03-30,12.01255129481968
2020-03-31,10.806447592710734
2020-04-01,11.082624709653855
2020-04-02,12.003200964306908
2020-04-03,12.586760653574705
2020-04-04,11.691180652343142
2020-04-05,12.797692008477537
2020-04-06,14.289711749110731
2020-04-07,16.200421857861258
2020-04-08,15.97583547578599
2020-04-09,12.784450571206865
2020-04-10,10.394317191183074
2020-04-11,12.027348661157175
2020-04-12,14.003175573118286
2020-04-13,13.220136416554846
2020-04-14,11.13324294729892
2020-04-15,10.462816990312254
2020-04-16,10.53502869486905
2020-04-17,10.780192741662978
2020-04-18,11.147852431681331
2020-04-19,13.537060510144544
2020-04-20,13.95461613992281
2020-04-21,13.512364652020663
2020-04-22,12.940973624109638
2020-04-23,14.299686050602118
2020-04-24,14.98093929262717
2020-04-25,15.688832680567101
2020-04-26,14.69266610380463
2020-04-27,14.419630134941796
2020-04-28,16.768111362185262
2020-04-29,16.13724389537289
2020-04-30,16.13159064431102
2020-05-01,17.185447263266106
2020-05-02,19.276336636568054
2020-05-03,20.084800376676966
2020-05-04,18.143103789951113
2020-05-05,16.371827425880703
2020-05-06,15.457642426852303
2020-05-07,17.067729882959682
2020-05-08,14.914448342823233
2020-05-09,12.394877764160597
2020-05-10,14.920439081845052
2020-05-11,14.568081296887144
2020-05-12,14.363824852310351
2020-05-13,15.537548093319765
2020-05-14,17.998533090055435
2020-05-15,21.30233837722341
2020-05-16,20.4035721918167
2020-05-17,19.057244345800505
2020-05-18,18.36686295593128
2020-05-19,17.545186291103672
2020-05-20,16.794739245536615
2020-05-21,17.690997403431176
2020-05-22,19.851515016647514
2020-05-23,19.99890784623872
2020-05-24,19.77514282769477
2020-05-25,20.50869120848217
2020-05-26,21.904993840460207
2020-05-27,22.213251235736067
2020-05-28,22.362887066308858
2020-05-29,22.76369906574738
2020-05-30,22.245024636208974
2020-05-31,19.7145599387108
2020-06-01,20.144505635459254
2020-06-02,22.9082272320561
2020-06-03,24.405288742826908
2020-06-04,25.005578160403438
2020-06-05,24.123531545990154
2020-06-06,23.801496742500287
2020-06-07,22.28119689448335
2020-06-08,23.129668906606447
2020-06-09,25.2175670206877
2020-06-10,24.993278603114025
2020-06-11,23.791301595157226
2020-06-12,23.64454201394015
2020-06-13,20.94721806210974
2020-06-14,20.404882028313295
2020-06-15,21.170315189807926
2020-06-16,21.91669303974579
2020-06-17,22.40905028611766
2020-06-18,23.013371538490443
2020-06-19,23.9622792472966
2020-06-20,24.439860576931157
2020-06-21,24.805925220759114
2020-06-22,25.05807411918725
2020-06-23,24.723701438665984
2020-06-24,24.720467517018534
2020-06-25,24.77100344620383
2020-06-26,25.0379466273888
2020-06-27,25.235447503096513
2020-06-28,25.30576316678977
2020-06-29,24.873036477742154
2020-06-30,24.10439831098948
2020-07-01,24.30137255953081
2020-07-02,25.91464913533006
2020-07-03,26.450779437368922
2020-07-04,25.6752615529628
2020-07-05,26.86040789749474
2020-07-06,26.558443400778273
2020-07-07,25.617748173743863
2020-07-08,26.509769867037374
2020-07-09,27.07912668506782
2020-07-10,25.89663028724897
2020-07-11,26.85567072912108
2020-07-12,27.057242500604463
2020-07-13,26.535909112392112
2020-07-14,26.03876416761038
2020-07-15,25.51065087662506
2020-07-16,25.076340260318375
2020-07-17,25.813093275185555
2020-07-18,27.436693439385042
2020-07-19,27.632542760236678
2020-07-20,27.866668033980133
2020-07-21,26.925769721046265
2020-07-22,25.804723117799725
2020-07-23,25.59679146115842
2020-07-24,24.92692226103916
2020-07-25,26.063726359233023
2020-07-26,27.470417551653817
2020-07-27,27.790177908974858
2020-07-28,27.087297562385537
2020-07-29,26.6929983605322
2020-07-30,27.194858606848403
2020-07-31,25.608053969415707
2020-08-01,25.885884160317413
2020-08-02,26.231581318615948
2020-08-03,26.00453740304545
2020-08-04,24.42758600129857
2020-08-05,25.171535887542213
2020-08-06,24.57682971002106
2020-08-07,24.52647577206999
2020-08-08,25.204658536688154
2020-08-09,26.226119559372776
2020-08-10,27.01875788206106
2020-08-11,26.507089128794455
2020-08-12,26.30382307911954
2020-08-13,26.298946020258366
2020-08-14,27.22327552675876
2020-08-15,26.80144608803217
2020-08-16,25.38262532349507
2020-08-17,25.34770740498052
2020-08-18,25.851515348791185
2020-08-19,24.929551204786627
2020-08-20,24.789235511740458
2020-08-21,25.569626749738685
2020-08-22,26.56721496169983
2020-08-23,26.612560325788113
2020-08-24,27.371607646264398
2020-08-25,27.237389170943935
2020-08-26,25.41624860642283
2020-08-27,26.53813380075763
2020-08-28,25.98397098900556
2020-08-29,24.979359972898617
2020-08-30,23.526648780941784
2020-08-31,23.202919732277337
2020-09-01,23.623765371811476
2020-09-02,24.54259685398
2020-09-03,25.28097877077612
2020-09-04,24.946953670884348
2020-09-05,24.665296049010966
2020-09-06,25.445513579382016
2020-09-07,24.753052074721086
2020-09-08,23.108142332758156
2020-09-09,22.55472002590185
2020-09-10,22.41958836185892
2020-09-11,21.872263485118616
2020-09-12,21.25037261217844
2020-09-13,21.980791223358008
2020-09-14,22.45006386168423
2020-09-15,20.378124245498487
2020-09-16,21.446099035629757
2020-09-17,22.130148578223235
2020-09-18,20.68447080143447
2020-09-19,17.966533930251902
2020-09-20,17.762124322477813
2020-09-21,18.144877442004937
2020-09-22,19.112471522385743
2020-09-23,20.896861979096233
2020-09-24,21.132220494899148
2020-09-25,21.141911483451462
2020-09-26,21.50288374562119
2020-09-27,22.277349898209017
2020-09-28,21.07419179093172
2020-09-29,20.095971996667064
2020-09-30,19.871655033675353
2020-10-01,19.611063092543855
2020-10-02,17.831314729022584
2020-10-03,17.11376756505582
2020-10-04,17.230866031875404
2020-10-05,17.392389637777327
2020-10-06,18.705796840464668
2020-10-07,20.081878297194496
2020-10-08,18.257859112183944
2020-10-09,18.814336404811137
2020-10-10,19.95422166052719
2020-10-11,19.4971384366751
2020-10-12,17.909549903395188
2020-10-13,17.759389918394746
2020-10-14,18.56960527209201
2020-10-15,18.615407942155713
2020-10-16,15.599761643475018
2020-10-17,15.10962649854167
2020-10-18,15.936973849924692
2020-10-19,16.132804826882232
2020-10-20,17.407536374742378
2020-10-21,18.22486212053994
2020-10-22,18.654659105310724
2020-10-23,17.482344164872476
2020-10-24,14.59452493089892
2020-10-25,11.549357270084013
2020-10-26,11.832490144644204
2020-10-27,12.141172998317304
2020-10-28,12.420561535804387
2020-10-29,12.435649854473661
2020-10-30,9.800497257260282
2020-10-31,10.155376728149271
2020-11-01,11.67251849101826
2020-11-02,9.97850749284927
2020-11-03,12.321949624710202
2020-11-04,14.73529064021428
2020-11-05,16.662435812296103
2020-11-06,16.660411279510353
2020-11-07,16.02175502416214
2020-11-08,15.581796334690054
2020-11-09,15.465490232209929
2020-11-10,16.091123402831034
2020-11-11,14.339769763515974
2020-11-12,12.140808486850073
2020-11-13,10.716006039563048
2020-11-14,11.075404863982905
2020-11-15,12.486591815641033
2020-11-16,11.72685368572373
2020-11-17,9.94803303558057
2020-11-18,8.133613165663697
2020-11-19,10.497371955585484
2020-11-20,13.311069435831271
2020-11-21,12.834949613354135
2020-11-22,10.945077640343682
2020-11-23,10.133123555187295
2020-11-24,9.164383193083188
2020-11-25,10.728349666893054
2020-11-26,12.459141339682743
2020-11-27,11.437732146629203
2020-11-28,9.848118804529076
2020-11-29,8.850033253709714
2020-11-30,9.753993357048586
2020-12-01,7.397333722650023
2020-12-02,6.64582010474229
2020-12-03,7.0632499202935115
2020-12-04,8.177791348793225
2020-12-05,7.096198774567339
2020-12-06,6.161433653175111
2020-12-07,5.853102304332189
2020-12-08,6.220834394100133
2020-12-09,7.368188023427035
2020-12-10,8.605417351069969
2020-12-11,9.435360217902552
2020-12-12,9.709556500474259
2020-12-13,9.001451848394327
2020-12-14,5.333767058457779
2020-12-15,3.80687897362908
2020-12-16,3.0994901995925654
2020-12-17,3.0751843471914624
2020-12-18,3.541721006355984
2020-12-19,4.5129883967644515
2020-12-20,6.140898475215785
2020-12-21,7.986393286476711
2020-12-22,7.855473028624595
2020-12-23,8.119017049112992
2020-12-24,7.19782327259626
2020-12-25,5.543662652099874
2020-12-26,3.208004439326493
2020-12-27,5.5169198548739065
2020-12-28,6.887368992595103
2020-12-29,5.065041112187639
2020-12-30,5.97660756564105
2020-12-31,6.413407870282188
2021-01-01,5.146783976851348
2021-01-02,6.659590024520068
2021-01-03,5.674431857515969
2021-01-04,6.198561197302192
2021-01-05,6.203603922442842
2021-01-06,6.323250745011373
2021-01-07,5.312011449617742
2021-01-08,4.0015535356407685
2021-01-09,3.7160650318765835
2021-01-10,3.7601955895690984
2021-01-11,3.363529693080011
2021-01-12,4.864169014105857
2021-01-13,6.339547598139912
2021-01-14,7.911874538782078
2021-01-15,7.841825715920441
2021-01-16,7.459937317895746
2021-01-17,7.2695147117356305
2021-01-18,7.009888821886109
2021-01-19,6.884611373556963
2021-01-20,5.961641216773816
2021-01-21,6.517930386488305
2021-01-22,6.132210528544807
2021-01-23,3.0482989490785117
2021-01-24,3.5636199165713784
2021-01-25,4.733824611856976
2021-01-26,4.397509513943509
2021-01-27,4.156240425907656
2021-01-28,2.25533682955218
2021-01-29,1.2947324994803728
2021-01-30,3.368765852886429
2021-01-31,3.7891314267634004
2021-02-01,4.522306848014162
2021-02-02,4.843540490833888
2021-02-03,5.039870688488493
2021-02-04,6.359766360191055
2021-02-05,5.42464254854753
2021-02-06,4.676321521025952
2021-02-07,2.4421895090657917
2021-02-08,1.6181637131410571
2021-02-09,3.1467177031586564
2021-02-10,2.662713246788483
2021-02-11,1.5184382971803816
2021-02-12,0.4077682252143099
2021-02-13,0.011549088814586592
2021-02-14,0.22845744108132698
2021-02-15,-0.004318344221594815
2021-02-16,2.299226533158542
2021-02-17,0.7095649527526169
2021-02-18,0.9042273820464858
2021-02-19,1.6605178220794445
2021-02-20,2.480944586233371
2021-02-21,4.440970709257676
2021-02-22,7.064704511744015
2021-02-23,9.327711731433617
2021-02-24,10.343756890570281
2021-02-25,8.771749462800702
2021-02-26,7.844046090088757
2021-02-27,9.738719304971687
2021-02-28,10.212619698178772
2021-03-01,8.095954729002013
2021-03-02,5.0295038012123365
2021-03-03,8.224746618316393
2021-03-04,7.683345995446599
2021-03-05,6.483339384765592
2021-03-06,6.6506661441619865
2021-03-07,6.8921743529727
2021-03-08,8.645111220400395
2021-03-09,12.237023445623542
2021-03-10,11.912419909194568
2021-03-11,13.211317566821764
2021-03-12,13.454226610245021
2021-03-13,9.875874322582447
2021-03-14,9.801417546470706
2021-03-15,6.275923954169211
2021-03-16,7.0545751249598165
2021-03-17,9.07349490110394
2021-03-18,9.567178463011084
2021-03-19,8.085910669567573
2021-03-20,9.655440347027273
2021-03-21,11.269263114407385
2021-03-22,11.974203068706528
2021-03-23,13.01206874028269
2021-03-24,13.151979055778288
2021-03-25,13.277303707711368
2021-03-26,14.432002438517403
2021-03-27,14.731742643760228
2021-03-28,13.640413557197277
2021-03-29,12.006227069659555
2021-03-30,13.569261696354316
2021-03-31,14.013954700764156
2021-04-01,10.604175116985653
2021-04-02,8.328463815591704
2021-04-03,10.963957546672578
2021-04-04,14.6937445361747
2021-04-05,16.056144453206997
2021-04-06,16.90357983077228
2021-04-07,17.29116292193362
2021-04-08,16.326843011652432
2021-04-09,15.25735925451194
2021-04-10,15.704473748104725
2021-04-11,14.829436986610279
2021-04-12,13.814289565445407
2021-04-13,14.288704837936843
2021-04-14,14.296431364644027
2021-04-15,12.800738589156932
2021-04-16,11.714773964316693
2021-04-17,12.291996399422452
2021-04-18,14.60008727782855
2021-04-19,14.794689872519333
2021-04-20,14.581062321958838
